PetID,AdoptionSpeed
e2dfc2935,0
f153b465f,0
3c90f3f54,0
e02abc8a3,0
09f0df7d1,0
0487529d4,0
bae7c4b1c,0
548bcf206,0
0f82cea1e,0
a3787f15e,0
0113cedff,0
0070b950a,0
cbe2df167,0
37a0b72a4,0
669695dd6,0
be85036be,0
c2bbbdde2,0
6a968e033,0
3107d0aa7,0
9e11f1974,0
14bc519cd,0
cee2cdc6b,0
12799a2af,0
34af29aab,0
5bd1a9042,0
04d1a03dc,0
cdac529a3,0
6b593bbe2,0
9992b9fce,0
8c03c9a3b,0
1aafa4a3a,0
a1267e7b0,0
937ff0f91,0
3642a8eea,0
154acf309,0
dd5dc51dc,0
5890ff277,0
2191e428d,0
0ecec0922,0
28d7742b7,0
971c5506a,0
23b3f4aaf,0
0eb9916ad,0
de9f5bbd3,0
0a6d1c439,0
e46543f14,0
02a6a8de6,0
765e7a7f2,0
ee315cace,0
304ad649d,0
c213ae0ea,0
d08af6694,0
95cbd8f9c,0
9b28cb68c,0
dca7beb9a,0
cfb8bc1d4,0
c7dff16c4,0
66d9bc1e2,0
580439dd0,0
007311a1a,0
6ddb11a41,0
5cecb38b1,0
a31a8770c,0
c461e24e2,0
c5961f8fa,0
914aeca86,0
e15abf53d,0
5c06f5626,0
4ffa7cb1b,0
fe26e0eeb,0
bac997283,0
936196a6e,0
7e60a46d3,0
047968852,0
9436ee170,0
d7b32bca1,0
d40a093b0,0
1b7db58bc,0
e7218c51f,0
a3fdcb1b0,0
df789ba1a,0
55b35e1c7,0
46caeb331,0
92c260e20,0
a0b33c8c9,0
4e2733835,0
ac1d15904,0
8f7b3062e,0
f7f55e46f,0
947a55b73,0
c662f2d43,0
31a3eb0cb,0
1c2d09fb9,0
0d747dd7f,0
f51ca343f,0
625a7d4a9,0
b3060d901,0
a1953e700,0
62176b313,0
b08bccfc9,0
8a9175cc8,0
c31668c91,0
f4f92a25f,0
51a68f921,0
e8c1b9f65,0
2c8e2587f,0
39b4cc29c,0
3729a07c8,0
1d8cd3f86,0
1453baee9,0
ed08ff211,0
ef55aaa19,0
319dbe347,0
500c81255,0
fce166483,0
2956452a9,0
8e7b5a548,0
3832b9d6c,0
b4423d2df,0
f994b2e74,0
f1d472e56,0
5c9d64727,0
6888b8513,0
24badb559,0
042419243,0
f308fe85e,0
eef9bca7e,0
71b036809,0
0de2aebde,0
cdf463b44,0
c25645fb6,0
42482d16b,0
987ea6224,0
f96a4bb28,0
9b2999d19,0
aac9b4c12,0
1ab4667e5,0
f51c7e461,0
6c5a9d5de,0
e83179a24,0
f6d983ac0,0
0afb94478,0
21d253ed7,0
3cec353c6,0
118457bc8,0
3f6323ed1,0
a162830f9,0
4545f6eee,0
7c5f67ff2,0
183f35a18,0
e50e19813,0
08b8613d0,0
31c5d0f2a,0
d08620b12,0
0b3355ca8,0
ca9598602,0
23bbe3e02,0
e28d2d205,0
21c4dd4ab,0
014fe943c,0
6a557a815,0
29319e758,0
e0deab631,0
cd46a82ba,0
bb560d19a,0
e56bd965f,0
2795e5bd5,0
32ae6aa25,0
8e48bdc22,0
9281e4407,0
fa8a27964,0
b5a09eebd,0
bd6f11942,0
c44459d46,0
575e2d52e,0
4c54b3ef7,0
9324086de,0
96d59b19a,0
69f6c908f,0
b7d2a9ea7,0
373019036,0
e76211748,0
66cb57204,0
9dc583f86,0
18e67368c,0
8063f9e16,0
f69e00e28,0
8c3507d46,0
de9dafa39,0
c91e69ba7,0
a5830dc7c,0
1d8476c11,0
eaf6a588a,0
0e3d46c94,0
6f262c1b2,0
da2dccea4,0
d1774293d,0
c217c48b9,0
637230592,0
a61df4757,0
3d674f739,0
97bd62d73,0
6e1a75dc5,0
9b4105f8f,0
0dd197382,0
4ec6b09da,0
471d0c9dd,0
71e9d6fa4,0
f16e1677c,0
07e87a2c7,0
9aba4c393,0
14b8e9529,0
e15c2a67a,0
36daaf540,0
812ef7d15,0
84639e201,0
14fbe0540,0
172bfcaa8,0
21740e1fc,0
e7e675fa7,0
65eb85bf7,0
8489dfcf3,0
c15662d04,0
0250f1cc7,0
7bc927c30,0
fb614a50e,0
98b82b51c,0
de331ffb3,0
ce7283d8f,0
e497c67d6,0
da89366b3,0
5cd6399ca,0
6619a45c9,0
1ccd6155a,0
b8e26e762,0
504026b8a,0
3c80bf388,0
920492da4,0
bfd82911e,0
2d8a1f072,0
8887757b9,0
4bb92c19d,0
204d83208,0
9764c7453,0
0b41e22a9,0
5ba74447c,0
722bd62ab,0
1132dae5c,0
1566339cf,0
a05ce2c83,0
5512829dd,0
f2c01e904,0
ec366f165,0
8826983cf,0
4e95b9d16,0
8ca1dc122,0
079560a12,0
658e4f7f0,0
7f3da34ba,0
dc515f454,0
4b85f7c5c,0
e33b5f209,0
87a216b2b,0
98fc45330,0
6461be29a,0
c1481c095,0
6af7d8b8b,0
f0c00625c,0
fa0fa8772,0
0d23ea9dc,0
97703b6d0,0
5843d277b,0
82351090a,0
da8e80e41,0
25886fc76,0
a2c996cad,0
9514871e4,0
96cfd3d1f,0
a30b2e4f7,0
3f38eb232,0
30b53966f,0
32069d5ed,0
afbee187b,0
8de7b260e,0
c27b099b4,0
a0e9cd5e6,0
9ad33b24e,0
e0e5a187b,0
cd3ac3329,0
13e5b9517,0
9f1e8073c,0
1abdb8207,0
ac416271f,0
dd85fcf23,0
bf3139ee9,0
ef20ce351,0
887e6178a,0
bd07519f2,0
68e42af5f,0
d5704e8cf,0
3dcc2bacb,0
148167350,0
0295cd746,0
844bfaeb5,0
f21f489ec,0
947564553,0
29222c3ef,0
d7f1558d9,0
34a0f5496,0
6082976d9,0
1935fa2e8,0
995bdb719,0
82e5205d1,0
55f25c755,0
8c962cbe0,0
676ef5349,0
50cb04378,0
1b2bdd583,0
52ebfd168,0
72a8e2213,0
c4d968a5d,0
6e8f7ec92,0
35e305971,0
cba6451f0,0
6d857b65c,0
fc9c9edf8,0
497d2eb58,0
a286d120a,0
498630042,0
c0f7ca4d2,0
ba0d4c4fb,0
cf8e714b5,0
0df1c58ba,0
811abf0e0,0
c35a12385,0
52fb50d92,0
4d51be887,0
e88cc0ad7,0
77bbecdba,0
9c32a85a3,0
e492163a7,0
1bb2d493e,0
e2a4a550b,0
ee8e18912,0
41a11714f,0
8e1ffc02e,0
884699a61,0
bf84f27d3,0
78311864b,0
32e820b4e,0
97b3afb40,0
8c086b31c,0
94de82299,0
e03b139b6,0
4e464c40c,0
52b06b831,0
bd0255211,0
f27f624e3,0
47f9b4bf3,0
0c856b2dd,0
a9c3a72ee,0
7fddb9b80,0
5c9538ed0,0
10eae033c,0
eb2aaaae6,0
737ba8ad7,0
1fce75ac3,0
8823d7a46,0
517eca23e,0
6fd93dc00,0
03479e092,0
9bd8e6974,0
3d99480ff,0
e17b48e09,0
59b2ad256,0
8560356c5,0
6511c10d3,0
959f50690,0
2af7bc4c7,0
ecb751c16,0
48436b927,0
764857076,0
251509be3,0
74ee32f9b,0
232d7c519,0
9df90f436,0
ccfdbafc3,0
9286e9c1d,0
227423495,0
b86e59039,0
e5a69080b,0
fc38139ea,0
311aa9d5d,0
cb3c9f878,0
5069fa551,0
292dcff42,0
8ef239128,0
7779b0057,0
1795c9024,0
99f30d086,0
d9bb1057f,0
d9dadd17c,0
c44b30646,0
bd9065dcd,0
532528586,0
a31c7353f,0
d70db908a,0
22cbeef54,0
903f2e808,0
df9919d57,0
71e62fadc,0
c5442fb6f,0
33ae1e49e,0
4d773b0fb,0
5ade7c4d8,0
481b0851d,0
bb72efc6a,0
bccf9b55b,0
1f5d38f4c,0
44beec498,0
eb6910f75,0
d2078768f,0
d8a8e989b,0
7a9aeddda,0
20a2b69ce,0
8e7185005,0
d78f74185,0
e08dc0041,0
129d5e7c5,0
13c54b641,0
732c7f56f,0
c221eaa7b,0
b84749ea6,0
9842fa6c7,0
5ee37d9f9,0
5dad884c7,0
16150272f,0
c264fa6a2,0
80723bbaf,0
5fa45f41c,0
16a158ad3,0
c5f9d0cba,0
9e27cd358,0
ad837a833,0
7db69545e,0
0f09650a4,0
95465de9e,0
01f3fa628,0
f86e108a0,0
44ef2b7d3,0
b87e49114,0
1d7c375c5,0
dd0a51b66,0
16743d12a,0
085b338c2,0
6609302ac,0
5647f2611,0
4deae07ae,0
0dccf3794,0
d6a3869de,0
c7ee7af0e,0
e501b45de,0
2181ba8e1,0
9c064fb33,0
01fec620e,0
3ad1913c1,0
8bf21c4a1,0
4d7d5c614,0
99b90a3b3,0
3ce5233ba,0
1d6e895fc,0
cda90187b,0
66d73b03c,0
9f633e2c4,0
51c34dc3b,0
6088aec72,0
e843444c2,0
eb641b14b,0
ba1d4177e,0
77865b3cc,0
8acc9f190,0
2e4ea20fd,0
0a5a7452a,0
4be3e7257,0
f0cd5916a,0
86d7bcf81,0
4b497d443,0
92ea77095,0
1f85c9142,0
1d939c264,0
ba2f87264,0
fe42c1ee7,0
8bfeccb9d,0
5fee60b0c,0
8f8273719,0
35c11e02d,0
ecc2c95f7,0
2fbe9c637,0
56ccfe80c,0
5b52fa500,0
ce1882ef2,0
83ed707f0,0
9dbe39a2d,0
5e797053c,0
bf41df11c,0
b4aee9257,0
78760a8a2,0
ec7ed0e13,0
e5fdf769e,0
ebfb9fea7,0
03a2876c0,0
13ae52084,0
9dbd4133b,0
c47bafaeb,0
531f4c477,0
dce26b7b8,0
042f37990,0
f8f190e6e,0
fdd8b3f5f,0
81d10dff7,0
a4effe02b,0
e4b7bdf8b,0
1445bdbeb,0
f3f6e8a8a,0
d8786ffae,0
2cd415bfd,0
e3b178375,0
576e56888,0
addb89bf3,0
fc636b29c,0
882fcef2e,0
eb4b22ab2,0
f291aa558,0
eda2f0546,0
f49c4095c,0
8ce98946b,0
0600d1b91,0
2aa6b2e0a,0
880cf5656,0
44fc199a9,0
1983efe86,0
b684dddae,0
65fb1de96,0
6d917c00b,0
f743529bf,0
1c092fe4e,0
f07fcb84d,0
f08707752,0
bd36fcc15,0
1a40a0305,0
6c66cf586,0
799aef9ef,0
61e2d2fc2,0
0196cb8af,0
f241f3422,0
cebe05231,0
85f563eeb,0
adc44b72e,0
a172c5753,0
f763f888a,0
07a0984c4,0
c8276fba5,0
dcf813733,0
cca0740ef,0
0f424a52d,0
b8dfa7a47,0
92ca222e5,0
08c70b57d,0
4de39cb54,0
92dd467d9,0
982db62b6,0
afb913f6d,0
cad4a3a31,0
f2cd120ab,0
c873e4764,0
e961931e3,0
0af1a53b6,0
b3957e642,0
be5fc85a5,0
4c28abf85,0
c09373a4f,0
9a7b511a7,0
3786458ed,0
ca52e1c97,0
955d418d3,0
a354bdd09,0
8bff54050,0
35c1dc094,0
9c5a95ceb,0
0c40ab830,0
877753199,0
812e0e887,0
78e5125b3,0
7896b6567,0
2ef709d8e,0
f1c935c58,0
4b8fb2af1,0
a23b4743a,0
40c5c27c1,0
1a4c4f02e,0
3d99d8f35,0
b7c2941ea,0
52b43d86d,0
9691d0696,0
7ed043c8c,0
8468b39ab,0
fda872629,0
523dc32f9,0
f274e2f1a,0
4c7d71274,0
03f4f8cd4,0
d6d6ba591,0
4ff3e18fa,0
369699c07,0
4b717dcf4,0
a590480ae,0
1a4cfc889,0
1d5dc55e8,0
1e6b4714e,0
b04939e6f,0
907ace0a0,0
d430c36e1,0
8a2932ddf,0
d082bbd5d,0
d459a5053,0
4a657fb0e,0
f177bb858,0
5776d4621,0
58d1a3634,0
57810d54a,0
f950ddce1,0
4bfa814d0,0
b573c3587,0
38b4fc7e8,0
366b03a7b,0
ab3a4fd7b,0
378a2976c,0
16244a39e,0
239ad5709,0
ad0eb6657,0
f6bbd922d,0
371626c53,0
3f8aa8d5b,0
b88cb23c9,0
35ef6b921,0
1085ab51c,0
4b740011c,0
87ba49379,0
69cfd4b85,0
1e0947834,0
ddcaf083e,0
d37f06611,0
f726a8e68,0
4df14314f,0
2ba18e688,0
f55f7260a,0
ea4767368,0
b04dfa558,0
8fc4d3f64,0
08fcb3796,0
25c5870c1,0
f9625a3da,0
9f7c429f9,0
ac4b25c28,0
39b09dae1,0
43e8f9008,0
482f4006f,0
89e638597,0
ddecce8e1,0
34caa9f8c,0
fb36484db,0
d724e767e,0
65da5b76e,0
17c8a4889,0
f8ae8d2c0,0
6b3bb24d0,0
b6c3a2101,0
ae99bec5c,0
5db0437fd,0
a196411a9,0
406b62d9f,0
af8dcfa6f,0
e4b775480,0
c503705b2,0
6e4abb2f5,0
86a9edfb1,0
2a7eef0b4,0
ec0b1d821,0
a43564af0,0
f628c4d4a,0
a039b2be8,0
1e101781c,0
43f1ffd92,0
7d729681e,0
0923cec9a,0
33ba1a672,0
a7e02f25b,0
994f31876,0
039919879,0
658fdc9b7,0
f8c113931,0
6a7b43ccf,0
a88947c92,0
5a0c538d3,0
af1e55594,0
143a8c2f7,0
5384047e9,0
69cb189ba,0
025518427,0
b0fbccc02,0
eb1a1f355,0
4868e6c0e,0
faa4fbbcd,0
30d2d3349,0
8623c9652,0
ea0bb166c,0
0901d7d0c,0
23dd3a0c2,0
18ce01ce5,0
d2b7e0624,0
6ce710b09,0
04f2c21c9,0
4785660fb,0
3de14b978,0
95035eb26,0
f759f4c37,0
edcdaf449,0
dc248d64d,0
3bbc9c716,0
d81208f00,0
8df4ede59,0
db015d253,0
f45417319,0
42cabd82a,0
ff524e4b4,0
53578869a,0
9cc49e8c9,0
9bdde234c,0
b01c6bfed,0
0f48e1daf,0
a73f792dc,0
caf7f95a1,0
c488a232b,0
342b7d5b9,0
de69b768b,0
0f527688e,0
08a15f267,0
391eea56f,0
67ea55552,0
1f9145dd3,0
56dbb28b5,0
b21940173,0
0dc6e0168,0
ea266a278,0
0c3931980,0
8c548d660,0
2ebcda97f,0
b7e1659de,0
87a50e77d,0
41f348cf1,0
c71417d92,0
f01320159,0
12bb39139,0
57aee22bf,0
24649b575,0
cff947175,0
335382c5c,0
d7376dca7,0
7a61c43ef,0
2c50f2ae3,0
e37c1dbc9,0
4b0b00959,0
dcff18df1,0
dd9c80ae4,0
a667d1bbb,0
5bb2555d7,0
42b402284,0
c5a925ba3,0
a5adf305c,0
98d084003,0
f1fb7e5fe,0
22c8aac39,0
5f99c928b,0
025e61a40,0
494ab93cc,0
b6bea8bfe,0
3c689f6cc,0
85158c3b1,0
22dc5fc68,0
0fcaf7215,0
467d8e74c,0
bbfab0b9f,0
d642372a4,0
b8b375e67,0
dd0fb7271,0
414ee6fc9,0
39cf4158d,0
d8ef5278e,0
8e41736c0,0
470761baa,0
2343e3a62,0
af7305535,0
001630d8d,0
15c037834,0
0ba175395,0
f3461e133,0
5f6d296e4,0
9a3da1ca4,0
4e6c1a4e1,0
1d84ecb39,0
f926aa852,0
6f0d79640,0
00d0f85a2,0
ececd5690,0
268c974ae,0
534b54310,0
fcd6da627,0
3cf6c3f7a,0
ee0d0e8c1,0
0628b2de1,0
7697a56cf,0
84d54073f,0
f813f8b0d,0
d3281a835,0
e5ca7809a,0
4b3754ac3,0
e45eed5c7,0
1c9ebe123,0
d668fec83,0
d12de8e93,0
e62db9ae4,0
cdcbb890e,0
d9849f762,0
a68e42d0c,0
0c35ad1d7,0
43b849292,0
97e9a9ec3,0
ae6216284,0
eeba2f1e4,0
eda2277e7,0
1225aa471,0
cc0ab2eec,0
e88dcfd7e,0
da2f83c72,0
b4f67326f,0
5663ff89d,0
3c5d3cd7a,0
1d6fb6261,0
01bf77677,0
ff441ba85,0
e805f9fbd,0
fc38c67cd,0
c84910ba9,0
8980de5f9,0
794d27c39,0
e80887885,0
d2da8b626,0
fd91d18aa,0
0e36b1479,0
c32c88fc6,0
c9789834f,0
190168aca,0
eb22b1069,0
a119e922e,0
d105b5fa2,0
6740d622b,0
5010854b4,0
b84d879fb,0
1c530eba7,0
58a532867,0
b5dc10a2d,0
8c2d50007,0
1895ac98d,0
c80b03d1e,0
9db54acbf,0
67b60d933,0
4552c1c77,0
351ed51ce,0
1e585e43a,0
7b9878695,0
4a2609b66,0
a51550043,0
71d8361e2,0
b539b0be9,0
e320369ac,0
faa9c415f,0
ae0d70596,0
6ef7dd43d,0
e44c42b35,0
6abfab9db,0
af3c47437,0
24b980767,0
0cd556ba0,0
96dcb6951,0
5fa324ba3,0
3f561feb4,0
e9de71224,0
a9f6b9ee8,0
7b72df3aa,0
901fcfac3,0
7e011ae52,0
9d87fdb46,0
c70e8d6c5,0
d0dfb0776,0
72f3b5d63,0
b0d4fc10d,0
759c23248,0
c526a03af,0
069fc697a,0
a059a19d9,0
9c562ce4d,0
df70d6cf9,0
5434c6366,0
e470cda67,0
350e451f6,0
be980a877,0
5259001b4,0
75b88f89e,0
5cf6552e0,0
3714f5809,0
87b9bbe12,0
ae4f49a8a,0
34085101a,0
21d7f07ba,0
7406e63fa,0
78e7157c0,0
ed65175ea,0
c051a5093,0
593190956,0
f5c96ebdf,0
20df3a4a0,0
c715f51fa,0
56efae4f3,0
c14becd10,0
bcf6142d9,0
6864737de,0
6bae50ba6,0
7b29ccf88,0
28f83093f,0
edab0a383,0
f9a3f1bbc,0
26029d8a7,0
7a9d92e03,0
9ef159820,0
c98b7799e,0
f054d3aae,0
143e72e61,0
36abc63b4,0
3779b9c81,0
267afbb7b,0
8c6097ba3,0
1baa0fdd5,0
f6b57955c,0
fd4bb8e65,0
e737de21f,0
a6d522e08,0
1cef6322b,0
4d5070ea7,0
68a8912ea,0
de909c0f5,0
e92550715,0
177bb2650,0
62262f6f5,0
235da65ee,0
6c8483b25,0
b61e36f59,0
ee2708165,0
8157ff31e,0
a961cce13,0
acef8980d,0
8136dbdd8,0
1c63228a7,0
45690f3ca,0
f82bd0b2e,0
eb4eaa232,0
200dca296,0
d100e89af,0
9e558930d,0
a6bbfd052,0
8876c6029,0
37109bfb3,0
551b6d230,0
edbdaa06d,0
749101038,0
01d2db31d,0
c0474f1e1,0
224a0d4d5,0
335833a1c,0
1a501dabb,0
e3397d780,0
a8073348d,0
5b75ce952,0
7564480f1,0
b1fbf1225,0
df99a85f8,0
5cec43300,0
31585ac3b,0
1e5eb7a60,0
1409bb4e1,0
e9a5ab1c8,0
2e5f614d0,0
ac29bdcf9,0
795dace51,0
b51495461,0
fc64d129f,0
9f884a1b8,0
ff4c4e629,0
46467282e,0
853dcfe06,0
80a105c70,0
690b52e7f,0
d2825f6cb,0
a4dc73c81,0
19287db4e,0
bc4fe149e,0
9c8648bad,0
f335d044b,0
cb2f519e7,0
9ebf4102d,0
a2d9b253e,0
78a2e8466,0
5dbefce1c,0
46d252bb6,0
e330fbf7d,0
2fa0b94b0,0
4460bf715,0
3d48aa182,0
888b894bd,0
af4c9b661,0
f00ab93ab,0
bd6052741,0
73e4143d9,0
f2ccaeca8,0
b6e731b17,0
9f16ef04b,0
915d801c0,0
00cd4914c,0
f0a00e68c,0
9ba7d3297,0
575a4c15f,0
51531b385,0
5d2fa2bf8,0
81c2939d8,0
865d95420,0
fb568daf8,0
d094921da,0
ba5e3fafb,0
f171dd578,0
c52442262,0
b931b4b37,0
bd7608352,0
1ec648af9,0
024c4d4d3,0
701f63c6f,0
55766fa03,0
58171dcea,0
f5ec410a2,0
0d1dd21e5,0
1688063e6,0
31ac5b931,0
b400bc4df,0
1eaab2f11,0
4438cf71d,0
87805a2ba,0
f47a62514,0
4d6a1f88c,0
71fc3458f,0
9789ca2dc,0
062e0879d,0
3d88d5a3c,0
3d7561293,0
70bfa87c3,0
c18a3b783,0
0cad8b10e,0
d75065e01,0
a331ef890,0
c3058b272,0
156832d2d,0
d1f9ae3cd,0
d2ef01564,0
bcb692352,0
abfdf0fc3,0
d2e0d7f2e,0
fb9041dc1,0
c388d1185,0
b0c1d4903,0
961e1e37f,0
01cc0d9b9,0
016b1241a,0
f51767bbe,0
3d615fcde,0
29dea5486,0
2116330f3,0
49818a45d,0
cf348bf60,0
4e117f566,0
87e930a77,0
b852a73c6,0
5ac0afae7,0
c356f5725,0
266f643bd,0
5c663948f,0
d8e5bbb9a,0
28e8a5d93,0
ec51bda06,0
0d385de8a,0
17a421360,0
206904438,0
19b089699,0
b0e0da17e,0
3adab4936,0
a4d843b2b,0
762a055f1,0
824c7a6b7,0
0515f0b27,0
3900bb627,0
a2940580a,0
3841f6c5a,0
27df3e732,0
e99c85080,0
bd9235cb8,0
f0542fb45,0
1960fb489,0
03824a75f,0
45c153a10,0
22dedc727,0
de205986a,0
b34c078da,0
104e76f10,0
02d7ad0a1,0
c12dca23a,0
deaef23f4,0
cc8d725f3,0
a98a2139f,0
3e08c1385,0
48965226a,0
bf36130c4,0
bac813f44,0
a2e7bf17a,0
60f333c67,0
c7e34b4dc,0
c59c8a6db,0
d2fe95e5d,0
c79fe46e4,0
bfe86f653,0
1399f6543,0
e995c2892,0
4f354dd31,0
e9c8b8586,0
49fb71bad,0
1c7095c4e,0
840bdc7c3,0
ab4b18e09,0
d7727f144,0
c30646460,0
048d58d8b,0
8732c3dbc,0
f18b627ef,0
76bf1e6bb,0
3410919ab,0
4f47bc0d4,0
1dd45b6dd,0
fe2092f38,0
79c1f044a,0
fa7d7d26d,0
9ea00c468,0
551b76e2b,0
9ddd09967,0
059f7bb12,0
bb3b78edb,0
7c2b47078,0
3c3b53478,0
cfe99e66e,0
3983beb6c,0
2884bfaa3,0
a58e06b72,0
46c5c7270,0
f6d9876eb,0
31c0b58ef,0
c28db8ac6,0
9d7aa5cb3,0
7ae8ae584,0
23c260cc9,0
95fe9b7a7,0
d2683ea3f,0
17cfedd4e,0
2e1f9f3d9,0
34da5ee02,0
3b193942d,0
b1bda52c2,0
d95fc099f,0
6f9ef4d82,0
e4e6cd845,0
6c5a5a3d7,0
96950330f,0
c1a57ec16,0
addba8d56,0
a11e54f2d,0
d9795e054,0
e3c8e16b9,0
f665d8254,0
8ffa89a0a,0
200adb8e0,0
9c23894d6,0
d8e391c56,0
dfd984e52,0
f9a88940b,0
61c44ad0f,0
73e1d11ce,0
b7f8c5bb2,0
c58defc4a,0
d76af589f,0
b77df50a9,0
028875e32,0
072ff63f9,0
5c679b8fb,0
32c1350c6,0
6b357800a,0
31ffd3e84,0
882ba2073,0
2a259a53d,0
711f68f74,0
b404dff05,0
2f4b49497,0
ff355a086,0
1a3ebafb4,0
5d47e7e18,0
ff4aa9196,0
c0748d15e,0
4807aa491,0
7bdefbd4c,0
2b25c7619,0
7c27adebd,0
808fa6136,0
d2fc112d9,0
df2daaa1c,0
05998be3a,0
04c83fbb8,0
000aa306a,0
f21bc3d39,0
9e10cf52c,0
0de7b2448,0
607b798b7,0
794a46eaa,0
36b503dd7,0
08d9dbef5,0
5dde2e545,0
a9475624a,0
20da7c72d,0
8bc2dbdea,0
7e22ce045,0
568c22443,0
ea1ed2dbd,0
dfaa707f9,0
1521842ae,0
793f7eaa1,0
0b10de1b6,0
5e5b97e53,0
aab5e0d82,0
d8537a794,0
b69f11e6c,0
bd45d4a4d,0
c9905105f,0
c19608fe8,0
dd3b2729b,0
9caf932e7,0
6ee2a9856,0
46ef56bd9,0
65ff9aae7,0
c547dcf69,0
2c7f82441,0
7fdc9a1e9,0
718e24579,0
4fb5245f0,0
0f96a24d2,0
6e7c42e2e,0
f413def4a,0
56e607497,0
009a75a42,0
e31a44817,0
48ab74343,0
642cc8c98,0
8d17e1738,0
d78d143a0,0
900db000e,0
1342ede6c,0
46f4bbf72,0
0e5c79590,0
ca5fa4db1,0
7f1e6293a,0
376bb3871,0
eb0494413,0
7a7a6f25b,0
8913478c5,0
bb8b0d8d1,0
bce93927c,0
6e3a84f0b,0
257a74f2a,0
33fda28cc,0
a4dd98ac4,0
aa992a06f,0
060081998,0
46208e2c4,0
b9c062c62,0
47ed598da,0
f901fe5ef,0
585ead422,0
18b11332e,0
2c23e61d1,0
1e8bcc08d,0
2bf093c71,0
26abfde11,0
c629e59de,0
743e5e95d,0
0ad8ed80c,0
908381fe7,0
59827b183,0
94d5cfc72,0
58b4eede8,0
9fc096ece,0
514f49f40,0
1b05b7d14,0
49f932518,0
c550dc5ee,0
c3d2ed28b,0
acb001c45,0
43eb46b09,0
9c7981f22,0
5b44a7500,0
b5960fa52,0
8c9a51edf,0
48526e8db,0
4866e0afb,0
e64c64329,0
1f9388681,0
313a56b49,0
3abb52336,0
aab03084e,0
18f7b2cde,0
8409541d4,0
71050d86f,0
9518fa97d,0
b3b920081,0
478abe583,0
e2da8e717,0
7be8f38dc,0
efef8ccab,0
f5b3cd992,0
d86410f38,0
6ec3289a2,0
ccfef1621,0
56ed31abe,0
0e0d6f4de,0
b9b82f926,0
4972c080f,0
8227bcad1,0
c99371802,0
ec106a8b7,0
d88a32af5,0
477fd2d95,0
667c5e241,0
3bc82129b,0
5be05e01d,0
8bfd55fa0,0
58df0e592,0
4b33f0203,0
d4ec801b4,0
b1ff76558,0
44334fb54,0
b0d0bdab3,0
e50784000,0
e20c64b3c,0
4b7362fc4,0
2a3c60549,0
4211f2825,0
4fa7555cb,0
373c6936f,0
98aea7843,0
93ba35d85,0
00d26f809,0
7eef28bab,0
af2a1db8e,0
3928063df,0
255556532,0
202a57eaa,0
9e70455c3,0
70654efef,0
a62eeb265,0
60cd5f3ed,0
1aee8a1a2,0
d836f5d99,0
16012e77c,0
71dbaebe6,0
e26c08ffd,0
34787edc0,0
5428dc24a,0
feb182c1d,0
37ea615ca,0
b38262fe5,0
47ee11b6e,0
0d4cb6f3e,0
eb2c6fe8f,0
1aed4a8fc,0
f3e376be5,0
7820b93c5,0
146d4c1ec,0
5ee7021d9,0
baa719822,0
8baf52542,0
def90508f,0
f92094add,0
8731686e1,0
a840384b5,0
0a3024b5d,0
daccafe15,0
9d9972150,0
802f8a1f9,0
e080acd98,0
7e85dca17,0
da4418a5a,0
809197a23,0
3e0b73fda,0
80906aa71,0
af98cea7e,0
8af853d49,0
81e3e1ce5,0
d127877cc,0
79b21365e,0
5281a6e10,0
8f05ed73f,0
a1e93d035,0
0c739cff7,0
5204a13b3,0
c47b1b950,0
fd9f0890f,0
e032886c6,0
2b08d8621,0
7ee9c9118,0
851307ad7,0
9a85e116d,0
ab509472d,0
9407fc3aa,0
4fe9853d4,0
e8546acbc,0
9c3f4b853,0
c74faacc8,0
b4e07570d,0
588f9a4fe,0
9c4ce554b,0
467cb797f,0
ffff62841,0
167fc9e74,0
4003885c2,0
d22d6ab8d,0
55cf77eb8,0
f340a9b21,0
0c31f782e,0
48d132969,0
292ff8e76,0
aefc3462f,0
58c7cd785,0
c693b153c,0
9161ae29d,0
59040fb4d,0
30e0fa4e6,0
2c1e743a0,0
96ce8f1fc,0
4a76d1c95,0
e5d8312cc,0
09e9b294a,0
366994ae7,0
aaed7d428,0
237ac6911,0
e19c1710b,0
a2c642a9e,0
d3c26eca0,0
5338359f8,0
01e35d03f,0
2b721e67b,0
c9c98a0fc,0
4e49e2df7,0
a954018c1,0
65fe58547,0
2a1ed8912,0
a1e4807f5,0
e3e4e30c3,0
209ebbfed,0
29167255b,0
0f9d57161,0
74d6261ce,0
042bcaadb,0
cc5dea10c,0
9fd0e73ab,0
b932855b5,0
93f3f763b,0
e5154499d,0
4caaed61c,0
f5266620d,0
0e28ba597,0
32c2d5e35,0
db4b370d5,0
a5c39a02b,0
866333fc1,0
f301659ec,0
aa53670fe,0
63d3ad497,0
ee7acb89a,0
787f37a69,0
d976e5305,0
b760d449b,0
6ffc00d88,0
e202e95ab,0
963cece93,0
7ce683940,0
32c57e5f5,0
fe4721f91,0
7a6df600a,0
4a6c180dd,0
2d9806c8e,0
4f2eb42f8,0
218272984,0
23d9401a5,0
a98eaa477,0
6b8c7d6d8,0
33854e4f1,0
db62115f9,0
5c045d946,0
b7638e54e,0
040ae13b2,0
c554a982e,0
ad403561d,0
80637261b,0
341bb7b34,0
24b6cb0f4,0
b9906dd13,0
d7b7dd916,0
d74122e99,0
6b980291e,0
77e9c91f4,0
968abd09a,0
458c33e67,0
f1fd96f29,0
b48a8c317,0
f150ecb1c,0
12df6d106,0
3f6aea61d,0
a0948ab92,0
f1014cd29,0
7f1da4d1a,0
5ae9757b7,0
bc180acf5,0
9b219a229,0
418a12fa7,0
1bc38ee4a,0
ba71dd24f,0
e934f0900,0
429a63cc2,0
518bc54a2,0
a1ff49735,0
189dee21d,0
0f4b27403,0
a5e3fa8fc,0
28d7ba02d,0
af2f28e05,0
9a5ef6689,0
cad7101c1,0
71e991077,0
169ee3598,0
67cac06ff,0
5ba1b66b9,0
37385f153,0
689b99219,0
3f1782222,0
1310a8e26,0
4fbd3d03f,0
c6b51cde8,0
a95fd104e,0
9def25129,0
46786d2fd,0
9ae1dec53,0
4266fca0b,0
fbcedbe37,0
4e3844f13,0
62d8f4307,0
8fbb8a8d7,0
23068f628,0
1f6c025f2,0
9baadfabf,0
a7bd2fef3,0
4a61ec611,0
ed31754c4,0
5737b3d5c,0
b672871a3,0
4831f2809,0
3f9caee13,0
a7eb70d8c,0
fb5c27aa4,0
7a7c3efd8,0
eb42d25c7,0
504418f50,0
b19db199c,0
505f1bb19,0
3576a82c4,0
8876989c6,0
c24b2568f,0
2f733eefa,0
0b04d7007,0
6a9a67994,0
4221c8c6b,0
80c6b4372,0
74bcb0064,0
703e4f919,0
99a11f09d,0
34e7e8d15,0
43fb5e064,0
780d7ea9d,0
6947884b0,0
b2b8c994d,0
0e114879f,0
8d37372d5,0
db800e561,0
f4c1753aa,0
d1dc0e113,0
b09459851,0
b7f5d2132,0
bc346a545,0
861fe5bc1,0
bac2aba96,0
cf791cdaa,0
a10b1a956,0
878e0f6e1,0
d78ab2002,0
e7ef7ee2f,0
f3bc9fe58,0
cf66790e6,0
a2797ec8b,0
842a5ff9e,0
3624d73fc,0
9a83223ed,0
0f3bd41d8,0
b88e582cb,0
6c1a85d24,0
a5f970235,0
c2e3cc243,0
e29f9a772,0
756955df9,0
592b1c1a0,0
585178d96,0
bf2eb743a,0
26c676e24,0
fb887ef38,0
605c3a89a,0
e58620db8,0
737be5779,0
4bbb57518,0
b77049a0c,0
b3a6e0d73,0
390cdc0ec,0
e4ef8860c,0
5cb22774d,0
54e8d5179,0
74dcc54a6,0
5d5fa552e,0
a87b5c279,0
26415ba6c,0
7e6a6e420,0
149c39b66,0
e8ee73cc7,0
c44173f96,0
a427828f2,0
9e22dcf95,0
1384f2887,0
578e8c906,0
60efb737c,0
1bc292a32,0
fb5f0696c,0
89bc83d9e,0
cc564e237,0
0e52a5c9c,0
a26ee80d0,0
4a476e087,0
e3148297a,0
88b14d096,0
cc99037d5,0
41903e7a6,0
28382cd87,0
4ae4bbaf4,0
207f52180,0
eb0c22076,0
70c041ca9,0
a6574c9e2,0
fb6cbc530,0
ee22436d6,0
e133e8dcd,0
05371870e,0
d81973f04,0
f1c0bb578,0
b4d30fc51,0
23f6a508a,0
5adcfc6d0,0
970c25743,0
d881cbf2e,0
17ba9dd47,0
1351e45aa,0
f98c13633,0
353b7f4dd,0
f23f78389,0
d11735bda,0
f949026de,0
0f9083bab,0
97d033585,0
fbd5832a5,0
39d2cf194,0
5624ae076,0
d90e654cf,0
93423d1fb,0
b3dd7cbf3,0
126f57f7d,0
9527b6aa8,0
e17644953,0
ce2b4b2f1,0
46d00f27d,0
cf58c5c4c,0
0a9f45592,0
9fa7fb235,0
336425df5,0
2191e729c,0
29abd06a9,0
499ea31b5,0
7b452d8c0,0
c60e5bc02,0
a26e09ace,0
1471b7daf,0
d08954f90,0
f3a641543,0
588d74ec0,0
465396b94,0
3569791d9,0
e9340f1b3,0
8e7a11671,0
2cb728c4b,0
ffb8f5704,0
2b8d20df4,0
573ea4dc7,0
9fbc9bcf2,0
0c3fcebaf,0
040ca87c8,0
5b542bb84,0
a2c811cb2,0
e29e29b9e,0
29df9d5ac,0
a2190b4f0,0
6ea048760,0
bb5c08008,0
f6cba11fe,0
303e333f7,0
76483e4b0,0
7890c12cb,0
bacac1eef,0
4e26f6237,0
bda2ad65c,0
f4d8100fe,0
75317e55b,0
5a359cd51,0
e954193d6,0
843d2449a,0
d50820857,0
f5167c5cc,0
f853bef27,0
8f44c3003,0
5be4837b0,0
d38cd1bda,0
a8ba21133,0
6173a225c,0
c3ea8bc20,0
51fe5fa60,0
124db33ab,0
55509b6df,0
9b48157a5,0
390c333c3,0
f9cfe8746,0
c7195a1c0,0
22c7694f5,0
afe87b777,0
6a35cfa07,0
a59ad20dc,0
f8657b0ae,0
83ece1343,0
6a663b6e8,0
76eeca0d3,0
bf871912e,0
5d2c46603,0
ec6e2be1d,0
05ddc6538,0
8fb46c270,0
bdf237438,0
f7e4f48af,0
77f62bac4,0
448b0110d,0
a51734b45,0
f425da4b7,0
8b39b161e,0
eeeaa1059,0
86633bd75,0
f7389cd16,0
0b151360c,0
8dbb39173,0
df95de498,0
6c176b54f,0
576538092,0
3a77cd63a,0
6fd2a649e,0
bb2dca9b6,0
e94189116,0
4daed7231,0
33cf2e4a8,0
bc4fbae71,0
02fb51556,0
92a086e02,0
1cc472495,0
7ad9d67bd,0
84564d23d,0
f87fda8bc,0
d06a4f600,0
60b331e21,0
6a50aca6b,0
d132eabd8,0
0a631cebd,0
4bf2697f9,0
d9def0a38,0
8ccd9de8f,0
f65161b87,0
b328145d4,0
8b9a3b3eb,0
df41906e1,0
ff507d1b5,0
9954f4a4a,0
d363416c4,0
1682100d2,0
7d6a74b12,0
6291b09f4,0
4a55c9f03,0
7026016ea,0
a816831fb,0
315554711,0
0b09945d6,0
603a1c912,0
3b40e328b,0
4680a5e9f,0
500f826ac,0
4f37ae2e0,0
b33f4d649,0
5114df57d,0
716b825d5,0
dff5e33bb,0
6cff69d12,0
9d91e1913,0
bff1eefc6,0
4c17194a0,0
6c0806da7,0
db4b6db80,0
65cfd221c,0
7fa5e9cd8,0
6cd3db96a,0
e13ee3b41,0
ce698dc75,0
75d4052a6,0
a1cfef42a,0
c7e7358b1,0
4d999d3a9,0
1bf8c8a2d,0
3558f46af,0
5202633cc,0
2efc513ab,0
0a8e773aa,0
56252863e,0
f89aab6c1,0
23dd6d50e,0
74d765729,0
54110ecf7,0
ae4885e1a,0
b751252cd,0
6c45f02bc,0
95cce48c5,0
7e7a90c3b,0
2a631f760,0
3d9a5ac46,0
e704e1744,0
bd1cd5e02,0
65ee84779,0
3d520f47c,0
adbad85c3,0
9deeb4f29,0
f2b611f53,0
d2937f8aa,0
b94bfc176,0
c5691c397,0
8c9b21e02,0
8df6d215e,0
573d595ae,0
6511382ae,0
054ca7b8c,0
5229f814a,0
104164bee,0
36e05d7e4,0
35090cd14,0
38a47590a,0
4728c70a3,0
af8248393,0
04029c4ba,0
7ab6d95b7,0
428a67131,0
be799bf9c,0
2b70b5764,0
7f71a71de,0
0ec139474,0
9f01cfff1,0
d4e8bc09c,0
31db73165,0
87edf67f4,0
4da75edf5,0
ffa1dc3cf,0
c8d822dde,0
dcb9727c3,0
1b433696a,0
c15e533c5,0
9886b3011,0
18eaac448,0
a5472a418,0
be8e347e5,0
095de27a2,0
ea2265da7,0
352aec027,0
71e9e03c8,0
1d67517d5,0
b765b3d8c,0
79fd4f1dc,0
1fde098c7,0
c39ddf3a1,0
fc65c8cd8,0
e6436ffe0,0
68f3aa569,0
53f31abfe,0
98d6fa62b,0
8593527d2,0
d7712a6ae,0
e42819f0f,0
788f7ed22,0
c9f53328a,0
9a053a28f,0
b4db93077,0
8b8155bec,0
5352566ea,0
332f9f8ab,0
e468b9930,0
a83930960,0
4ad13c9dc,0
4b0bb6bc5,0
e80432fc9,0
7392eb977,0
18c60eec1,0
c93ee4f66,0
48f4ff0ef,0
7f6bf9b5a,0
6b82525ce,0
39863c304,0
f20502a91,0
a3297b927,0
7dc5f826d,0
c29d4becf,0
29d274de2,0
d75ef43e3,0
a23d2fcf1,0
8cacc6b1d,0
3fe1c722f,0
b68a0cace,0
30fe45021,0
7cc63ee97,0
1a1feacfa,0
9ac984116,0
c7588ac4c,0
820d3a734,0
de3afc8c0,0
d0a658844,0
c2fec2919,0
37a74b0d5,0
6136a04dc,0
2a2039d2a,0
bc07b7683,0
786ebc385,0
ba1e5e099,0
e9a179861,0
2756d496e,0
e47e158be,0
c39a21e68,0
89f5acd5f,0
fcae2ea8e,0
b5431578b,0
d17bcb899,0
4fd559a2f,0
a30f7b5a3,0
fda78b398,0
1632e7230,0
ea4e9430a,0
a5c9b03db,0
b9f4e5bac,0
a006a28a6,0
cab21901e,0
348cd5b41,0
fccd30b68,0
03df4efba,0
242d5e1eb,0
fd53861f5,0
f497fc3ee,0
3d72f28d1,0
346e6d37b,0
147b07a6d,0
cb8103680,0
73ea449bd,0
301bc6c2e,0
bd04bbba3,0
ea8115514,0
6bb574f84,0
20e1d56ee,0
9e8df77a2,0
a84855274,0
776177c6e,0
6e52249b8,0
3e5b2e36d,0
8b4c08434,0
8f6966d69,0
5b602ebd5,0
d43b1bc65,0
6d238adbb,0
5a46634ae,0
63211a72e,0
e890afe89,0
1c70f3cbf,0
048dfb6d4,0
e94fc42b3,0
e1643a076,0
7b85be74c,0
bb3aaaa28,0
80f9cc7b9,0
8e0417ae4,0
d4a2129b2,0
abe77f3d4,0
4628ddaf5,0
fc77f0c02,0
20b6fa368,0
65cab688e,0
15dca164d,0
4b7d7cf86,0
abf5e67c4,0
db5bbfb2d,0
e14839727,0
5c0a38a06,0
5fdf55154,0
358b9a638,0
5e24a1a6b,0
5a97646c3,0
5e9b65bd8,0
43d769938,0
f433ea60b,0
737542e52,0
56b369184,0
5c19f96c0,0
40e5d9e21,0
a35769d72,0
53b8c2783,0
2dad67021,0
76c10a26f,0
162beb77e,0
93604bb92,0
448965780,0
a1eeabb2c,0
9f07d1447,0
c89dac0eb,0
c3aa2d26a,0
cfceabf43,0
4e8b3b9e4,0
dad80317b,0
99b85cad7,0
f9f3f2a53,0
fa296a502,0
60409d9f9,0
c6878905e,0
4573fd907,0
ec84f5484,0
35f109a16,0
d94886fd2,0
17c907a12,0
4fcd6df66,0
b3704ee82,0
7fffa3066,0
99a6043dc,0
2f73907c8,0
01a91d8ac,0
b3eed2e3a,0
1761f4b3a,0
ecc561d11,0
8d6a55800,0
042b0831c,0
cd17296d6,0
697ac704a,0
5bf4b8517,0
1b5d7c38c,0
bae61ebe6,0
45d3bb4de,0
499cd07b6,0
1dc98a9b3,0
f70a61f1b,0
457aafdff,0
5e73c2ffc,0
9b9253143,0
14fdac058,0
b51b87f2e,0
939791a62,0
089ee4469,0
9d99bd0c3,0
62b173b40,0
85b332009,0
8b652b2ee,0
b1d3cf596,0
31274e975,0
f22f7c3dc,0
3715b8520,0
d9e32c5b5,0
6ecf2e425,0
adaed145f,0
1982f429a,0
93025fb47,0
f1684b031,0
3c8d45ee4,0
25494f3ee,0
603b290d1,0
c41480e41,0
875f86881,0
a9dd487ae,0
f229df53e,0
bc8252bff,0
f9751a647,0
14318f1d4,0
b5cc601a6,0
7f56ab42a,0
d4238a1ce,0
4731ea7f3,0
18190bb81,0
17aa39b06,0
d2cee940b,0
87735706f,0
bd5be777a,0
9c4a7d80a,0
146295886,0
de7e5bada,0
914472e36,0
678407b44,0
57339fe88,0
311368756,0
e5ed347f3,0
f4fd4fdd3,0
f289129c8,0
454b13e05,0
13db5bc2a,0
c4ad5de1c,0
8f2b2bc90,0
d6dc4cb56,0
4a4e7ebb6,0
511fb9ab2,0
df852cd33,0
f361a2abf,0
ab63d5cc6,0
33d8eb31d,0
6f55f89a8,0
ce3733a4b,0
9b9542b4c,0
1db53eb59,0
d9362f7f1,0
0ad970d41,0
5a9356966,0
fb93de06f,0
8d05be710,0
f4c08114c,0
dd3bb8402,0
83b6e5980,0
ef04c6586,0
0f3d74084,0
43c2b42f9,0
8d6b9ccc1,0
bddd3870d,0
b9858a1f0,0
aabf13c92,0
6a0230b30,0
f355e3110,0
cdcc26218,0
544617e06,0
de7731077,0
eab92e3eb,0
309e775b6,0
32f238a32,0
077b9c300,0
7e00405e1,0
7707cbac7,0
4269e363d,0
eaa6e53a1,0
5cb6f9670,0
1a4dfd6af,0
2901b64bb,0
0c66a7d25,0
37f0dfa26,0
191a846d5,0
4ff2e9730,0
98ed9710d,0
b0e247ebe,0
f24323918,0
adbd24c05,0
548bbce9b,0
3010f15fe,0
0898cb007,0
72451f95d,0
3055c8a82,0
2a37907b6,0
c524f550b,0
c03d290a1,0
a48d5a390,0
064d06815,0
27be7deb3,0
03c52200b,0
13529cfa1,0
af2af528b,0
b6e49c7ce,0
88bedb74a,0
b2b2d8aac,0
691e427bd,0
9a22997e8,0
7fa14af9e,0
2bd1bf0d1,0
8f7306831,0
faf21cc3d,0
533c05f87,0
1d1ce8c48,0
3d5ca8d7b,0
27195bebe,0
be4ef3c57,0
af1cee99a,0
4eb8be143,0
6cce5e116,0
be9c572b1,0
ba1d099fc,0
1805b4c25,0
171e38472,0
a775bc2b4,0
c871e456e,0
dbf726372,0
e6b72e703,0
73886439d,0
efadddbc6,0
1c97472bb,0
548037e61,0
0360b90f2,0
97d6a0f7f,0
3bc466ba1,0
a1f973e20,0
7c45e2031,0
acabbd610,0
20dce2095,0
e67336841,0
3f2cb46fb,0
e07d9bed7,0
d7e2ed341,0
4ea269d81,0
65050e0e6,0
77e943917,0
3d7557ee6,0
30362bb8a,0
70bc640b8,0
44bc55337,0
9772a73ec,0
4361fe188,0
f8a000a3a,0
ec5ab71ca,0
9505ce1bc,0
a5f5d64f3,0
674ca1452,0
92d56e551,0
42a891475,0
953056522,0
9c510b4ea,0
db29388b1,0
4eee2c9ae,0
dce60f93b,0
86e79ed73,0
b5bc49843,0
c6038f029,0
c20c85f84,0
dd87c7291,0
0ae993d50,0
0ceed32f6,0
ba4eeb11c,0
93d7f909b,0
a5c63cbc0,0
5e898adfe,0
2c3c58b1f,0
5d1399b63,0
7538ca0a0,0
a53d3d41a,0
43507e6c1,0
2bab8aa73,0
aee9c6257,0
4aa138801,0
83fdcc59a,0
5aa0cf0b7,0
6c6a12fd4,0
051f42bba,0
8af48a66d,0
4c923a239,0
cca989ab8,0
3a5e66be4,0
cb7de9e02,0
5e272b180,0
7fb98dd7e,0
30e0ceb28,0
b477dfef4,0
b0823ad52,0
339384a7b,0
d935cd40d,0
d94f2e3e7,0
e00e75daa,0
63e672dab,0
1aa62fc18,0
f2270858e,0
bb2ff6736,0
c6d6a446a,0
a1e954b55,0
408e9cabb,0
8becca99a,0
7040d50f1,0
44f5f8acf,0
82317f664,0
7cfd366f5,0
f1a35a9be,0
bfd512262,0
4ff130a2a,0
c2d504696,0
b175d60ab,0
746b8b383,0
3c22afb9f,0
dc023cd56,0
b50317521,0
08936cc05,0
153301510,0
a40031b95,0
acf596791,0
155521e06,0
c1ff39454,0
39bb5c2f4,0
64fe09b72,0
533573bf7,0
a2392dd57,0
4a7e6a55b,0
9ea73ece9,0
85a5c8176,0
5e7e4d54f,0
a8c960d23,0
935ebab07,0
124152c20,0
78cec6b9a,0
935f5fd46,0
fb241e401,0
a66408da2,0
ae100fb23,0
0708db877,0
5eb7443c7,0
1428ffe7e,0
36b6b879e,0
c1f452c27,0
d321197bb,0
4881f5230,0
4802a1f91,0
38554e5a2,0
7d669222e,0
7604d203e,0
412bd942a,0
8d970956b,0
95128acdf,0
9c5a4b145,0
f6d7bd5aa,0
884e34dac,0
8ddd5e159,0
ea603abe2,0
5b18feadd,0
90fe10c68,0
327a3ac30,0
2a96f26a5,0
84be7d7c6,0
56c728e29,0
1c2eae12a,0
e0031eec3,0
de503fff1,0
77f7946cb,0
469571794,0
06592b5b2,0
b85934798,0
a2953fdff,0
d4396a0a0,0
12b42a431,0
cf0c93dad,0
8b4a94d8b,0
0901cae3e,0
96bdc9b4b,0
efe281d05,0
45bdbe878,0
7787385c9,0
3c8d7b8c9,0
246690c06,0
d8b6166fb,0
d223e9faf,0
469414278,0
485d6ce4a,0
f3c3cbdd4,0
d5af3cec2,0
098ca64da,0
7e0268aea,0
f3f222793,0
2eff2c596,0
7a17d4835,0
b7c17a150,0
40bd2d651,0
0061e61ce,0
63d2a2827,0
4f2ed12e9,0
5f81c20ba,0
7f9d66544,0
ed0118fa3,0
4d893ed7a,0
b415a8a56,0
9ec953072,0
5a3d7a908,0
499ad838a,0
dbf4b1345,0
c22229ea8,0
f687fd202,0
b4c46e3a3,0
beee81f51,0
2ff9f4c16,0
38af15d22,0
6b8269c72,0
a70374352,0
0303de476,0
745d2be9a,0
e16c0610b,0
436e6a9f1,0
3c50b52aa,0
37beb1129,0
5cd670772,0
20a90624a,0
603a79829,0
ec0fb5729,0
59adab529,0
12f9c8ecf,0
60beb3a95,0
e847fb2b4,0
5f267deb5,0
3e85088a7,0
44d053d25,0
9f0000208,0
92d1af055,0
68fc4ed82,0
f6902cbe7,0
b2260ef90,0
506d810c6,0
0bfe5511a,0
aaffb7d14,0
29e4e0922,0
e794bb076,0
463a9ad26,0
c7d9616e3,0
49d53d375,0
549acdf2b,0
4a301781d,0
d37e37a9c,0
054e96ee2,0
9976d232d,0
a6ebeeabd,0
a8100370f,0
bdae26123,0
7b2f02d88,0
1f6fb5fdb,0
ae9d59ab6,0
b77358cd4,0
1892f9dd2,0
3f3012fee,0
1e8340628,0
c7af888e9,0
e5cb4272e,0
34fe664da,0
3dc91810c,0
47c1c1d72,0
4894fea5c,0
d608f77ca,0
5ad5692e7,0
7d1673442,0
4c6b9ce76,0
25b8b4d50,0
e83248628,0
48e49f70b,0
a0eb7c6a8,0
058539bd0,0
91dde1649,0
f0e6c3cfa,0
34137bfaf,0
30a3d79ea,0
a4e704bda,0
b93e18ca3,0
dcdd19b0b,0
ba5bd5fb6,0
9be65e56b,0
365b3dfe5,0
d5d0b37db,0
26163f31b,0
042d3b96c,0
1de22c3ed,0
74f50e66a,0
2109a5a09,0
3ea095f8a,0
bd433031b,0
efc7ef6f3,0
9aa9db5bf,0
56dddb052,0
75cdf1ac1,0
325ab192b,0
074b67ec2,0
cdc12f4cc,0
379f85f61,0
20627e11f,0
bfe62d803,0
04f02b126,0
2db9688ae,0
029e31937,0
076238985,0
d7725e1b0,0
50ec5a223,0
d79b92435,0
52742d588,0
311a86831,0
e8d0f2484,0
c50114583,0
1de14fafa,0
ec0546c29,0
149841eec,0
ae9898dfd,0
c9834709c,0
f3c2bc32b,0
92558ec1f,0
5ab028038,0
9efd6ee7c,0
e9cb69f9c,0
176d9cfb4,0
0a372b0d4,0
8e3f73894,0
d28521684,0
187f85850,0
6180ca07d,0
8a69b8ca9,0
e60e35c81,0
5dd23a086,0
94f3f7849,0
0dc8dea0d,0
edadaa703,0
f6d1a2562,0
61fc349f0,0
a1c6560aa,0
6139fdbde,0
f586a464a,0
f1b45fb36,0
c7b515804,0
6c73602e0,0
4b4e2dd84,0
bd8f200a2,0
eba077589,0
274600237,0
5effc8b2c,0
7e53a39a3,0
bc6e53cf2,0
4782df70d,0
736e7f087,0
9e62394f3,0
d140a9b13,0
829006a5a,0
78ec1825a,0
3bd1a696f,0
9b3d6679b,0
8ddbbaccc,0
27cf589b4,0
6f3fe6502,0
735cca94d,0
c0522ab38,0
da62f3647,0
280dd2698,0
99f56cb3c,0
2bf288d6f,0
50f790625,0
9b66ca3ad,0
e7f81ad5c,0
538d93905,0
359b8a27a,0
601b568da,0
946434064,0
597f834a3,0
74af36397,0
3f1906b0b,0
0a9cbab15,0
ec875509c,0
50872bf50,0
842ec4bbe,0
6a5fc85cc,0
a150a3067,0
ec8115060,0
69112b1e5,0
b44212a72,0
f06ed55e6,0
c858b5d7e,0
cf3f9f170,0
f504a35e1,0
f7bd94144,0
3dc3877f0,0
4849619d3,0
3bf849b37,0
6b6188542,0
0ff96e183,0
c11fcfe0b,0
33273eed4,0
1e7b1aaab,0
d568909c6,0
9416b2802,0
25bbb36a1,0
a3c4dd517,0
a5ea56e8f,0
409ed104e,0
046059638,0
b76d46279,0
cf256a84c,0
f3d192f49,0
79773f498,0
529d52fea,0
06c246958,0
b1c3920b0,0
dce0cb798,0
61b4e2e3f,0
b82eb79e5,0
250933fc8,0
9f6edbb8c,0
b11cc2617,0
8c450e8f3,0
50919a051,0
309fd2a0b,0
ca939f5b8,0
4f674bb95,0
2526ac5a9,0
9fd824fb4,0
dd75e7603,0
5872caae4,0
bd742de5b,0
78f86a74a,0
607efc34c,0
99d79a7eb,0
d7f760338,0
a26bc0283,0
3a0d06e63,0
88dea0091,0
3e891bd12,0
40f088980,0
146882f39,0
d4649d392,0
467694e77,0
4d57eb5f6,0
20e6c4ff1,0
5c09bd0dd,0
8f1dbd49b,0
178cc8278,0
cff411111,0
2452444d1,0
10d0c5d3a,0
d4dae34ba,0
0a3d2b273,0
abd64b497,0
3c81193ea,0
797e2aa5e,0
c64b3227a,0
e1c12f4d7,0
c6bee67e6,0
dbbccb1e0,0
82081a318,0
2fada4bae,0
3a47de7b5,0
ae4201300,0
6a7a61b8c,0
daafdd1af,0
5c588b32e,0
41aea7855,0
11164e33c,0
4c437a4dc,0
adbcb095e,0
34d6c0785,0
77b132132,0
2f42c0ad2,0
8ccfb6026,0
a8cc9c2aa,0
819f18c9d,0
45777604c,0
4f6496056,0
13289f5de,0
196d30c9a,0
fbe32cae9,0
618179bc3,0
437c822f1,0
926622f1b,0
6ed7fb54c,0
26af6208d,0
2fab2fffd,0
48e5ad418,0
3d9801b54,0
fe43b61db,0
6b21cb9bc,0
143d4f987,0
9ad184d4e,0
fe4da06ef,0
bdecb978b,0
ff4f022df,0
d8f66bed3,0
e57c23577,0
b831fa30c,0
db53b334f,0
536eb85b1,0
e67b287ee,0
0d3054589,0
7a23b3dca,0
3627b7f09,0
b2b3ddff3,0
402704ef2,0
4ad3606cd,0
85b9e1147,0
68f1de50b,0
fa0224999,0
b48364c6f,0
0a035caf2,0
86f3f98fa,0
1ffaf0d37,0
b279d98ef,0
54ffef406,0
a8bef5489,0
73c791c26,0
fc72d7d6b,0
f031c4fdf,0
d96d2b52b,0
e2eddef44,0
e4168ba36,0
45e60206b,0
8a4ed462c,0
1ef95f60f,0
47a6aa527,0
5f07161fb,0
fb2e9cefb,0
798db5826,0
2333e34af,0
eec90de46,0
b6005e123,0
2fcb73e04,0
7b37f0641,0
7449741c3,0
7836c4fff,0
c59d978ed,0
24dc5bda4,0
9c2dde114,0
3192ac0d1,0
a47c98517,0
1abc6c9ac,0
1932064f2,0
c46f3bb03,0
880feff29,0
b2b411653,0
41132bc8b,0
033ee3b35,0
0472f8362,0
24b90ff21,0
ef8e4a8ea,0
2416babca,0
819610fb0,0
eb532b20f,0
70ed9e868,0
a2ccb8eaf,0
577518f6f,0
3730297ef,0
78f4381c8,0
e155b3b53,0
d598cfa93,0
bde930da4,0
855f25b1e,0
a40c9723d,0
873449e22,0
c62e43019,0
314d76f98,0
9f43bda58,0
8611934a4,0
60af2c770,0
48657f903,0
399621268,0
d5bc869a8,0
c67bd5c3d,0
8741b2cc2,0
6da352736,0
5808046af,0
5005d96ce,0
4ba31d2ea,0
2df0aba2c,0
dac4939a0,0
418e3435e,0
f72b0e008,0
b2f49ee01,0
0488bf707,0
58897f560,0
04d2ba57a,0
29b2024e9,0
b3e88ec7f,0
75dc341b8,0
c7ee0c470,0
04f80d29b,0
a14c66d12,0
1db7f99bc,0
55b630e1f,0
b7d0d52dd,0
21e2dc73a,0
c41fbf78d,0
efe45118b,0
cfb14aad7,0
6a40617ef,0
c2d496062,0
09f67b429,0
f1956e0e9,0
abb35cc95,0
eeee093ac,0
45bf455e3,0
c7f8ad518,0
a9d1a6dfd,0
8d17c2e15,0
c10e58596,0
8cbeb50c2,0
4ec26a042,0
53deadf42,0
79e34f277,0
e008f1cc2,0
79173c987,0
ddf392ca0,0
0df3a3298,0
0d7c8ffc5,0
efd5bec3a,0
0552678e9,0
443f5d934,0
81b661d67,0
55eed657a,0
a22fc7d1e,0
3fc0ccb82,0
4518830bc,0
a637964c7,0
ed1253304,0
32a004c7a,0
523757be5,0
8f0c0a2ac,0
42feec906,0
38adad966,0
5696f4ec8,0
078611100,0
5ae353356,0
5e0f9c570,0
17f0269c3,0
ac3c97959,0
a51dadbba,0
58c1df9e3,0
442d8172e,0
ec09ce787,0
55566116b,0
6166e965e,0
ec4edc2e9,0
0633a59c5,0
859ca28af,0
0d434d652,0
81b3ef909,0
f3ef26e5f,0
11199db22,0
91731036c,0
76c7e75af,0
cf5c8f5ac,0
fe7bbf232,0
f8b94d228,0
ddc05ffe3,0
24813bdd4,0
1ff26db34,0
8264b4e84,0
7aea6a6d8,0
8da802c8a,0
d73da3f6e,0
de3fc9d2b,0
3350e680e,0
5c427bbbd,0
6e2db03de,0
4b393cb28,0
4f0eb9cd9,0
3753ab789,0
fa3174b75,0
19b80fb4d,0
75c776485,0
d64a4e098,0
3fd570f18,0
f2589e581,0
a40d1410c,0
28a18a6a9,0
f193a89c6,0
c261a9d39,0
139e9d198,0
3927c44f1,0
329466cab,0
7899c74ca,0
406315e8a,0
468c9b539,0
7d59a63ab,0
3100a668c,0
0558bb2d7,0
98ff9bd18,0
15863dd24,0
2571bf27c,0
70486b721,0
86a2a6881,0
0ed8aeda3,0
93af034ed,0
445c2346e,0
ec0c0de08,0
ee5030164,0
e80826775,0
c07ad164b,0
74ed8bba6,0
73136a0f5,0
a3c8f980e,0
11feed87f,0
e8ee45ee4,0
8c5ed1edf,0
002089611,0
d13424fb8,0
bf455fcb3,0
98069385c,0
bbc7d11ab,0
33b55525d,0
6e4400ae9,0
cacf485fa,0
800830095,0
a8463f72e,0
1bdcde33c,0
7d8636514,0
dadb1a6b3,0
e21d3fafa,0
b56066c70,0
a9abdb21c,0
c910d02ca,0
cb0203bd4,0
7b03034b5,0
2bc4682a9,0
80d7c5f14,0
9cef5fa38,0
7c343683c,0
3dc5e9891,0
43a36fa14,0
4c5df88e2,0
ab4574ea8,0
f93128a69,0
842a87632,0
dec6e72bf,0
580190a91,0
893a2c311,0
d4b22b144,0
0f6d67efb,0
01605d36c,0
eb23b2a17,0
def338514,0
646970bbf,0
4dcb34e2a,0
f79cf232b,0
07b2fd920,0
7dd97ecfe,0
f81ec307a,0
dbeabb6c3,0
8aeb5c315,0
fef7155c5,0
ae3384132,0
0bbbc724a,0
768735fd6,0
8f93b2622,0
930fc2079,0
3a824916d,0
68f0bebe7,0
ef1eaf326,0
58135580f,0
f521d86a5,0
f8cbe4ab2,0
9a8b2ee3c,0
2d75e8193,0
41706891b,0
b0c161d58,0
0c18817ce,0
92f11c3c9,0
1ce3e4cd7,0
944c4186b,0
58af3154a,0
17656ed15,0
79e886cc7,0
2a330889e,0
08800911c,0
2df8487c7,0
40d535194,0
98fc90990,0
5dbfedf80,0
939df27d9,0
56ee6d0ad,0
3ab3bf758,0
d4bf36d4b,0
ee0b0ba51,0
f26cd90d0,0
f4ed700fa,0
3baa3b163,0
6963de9b9,0
6c8fa1fba,0
4d26d4d58,0
b1e70a735,0
3c91e34b2,0
e441b5140,0
c40882867,0
87498cda6,0
59c6b0f2b,0
93d2beb10,0
424892190,0
2dc57d159,0
ad41951c8,0
355696a3e,0
e66114041,0
e7f480c5b,0
a38740c75,0
91b30b476,0
7f77d544f,0
7b4019eaa,0
62ca66948,0
0a27cf19d,0
a5749e81b,0
ac0565e4c,0
6ff05b0ef,0
4f6c5b764,0
d6608360d,0
a5f835b78,0
6aee9741d,0
7f260786e,0
415838cf0,0
b8fa2d646,0
c9677c095,0
e2b8e93c6,0
dfe80cfa0,0
1ce732cc5,0
975ddae58,0
cf62b409e,0
67fa6000b,0
60e98bd66,0
7e3a1d138,0
bc1ec216e,0
d95c92af6,0
bdad38533,0
c55c30d11,0
0b5242b0d,0
9d0a2b055,0
33782f0e0,0
ad49a3f77,0
34c3efb2f,0
7b988f74c,0
2801782b6,0
3081b57f5,0
79723bf88,0
cd753a884,0
d1d9609a6,0
e84d9ca3e,0
a73cb1747,0
4871993a6,0
c88c17694,0
57a97e9de,0
fc43a4b5f,0
88a5fda1a,0
b983ba0d5,0
6f3c17e85,0
f4c5c23da,0
e37fa5989,0
362056c17,0
502aed447,0
1cb5e5477,0
2b1d0c43d,0
3e8c5fbbb,0
6d141eff4,0
c0a34add3,0
1b15f9dce,0
9b6779955,0
8ec82a3c6,0
b98a21937,0
75a6186e3,0
12989e8d4,0
ed85de329,0
7b5e48a8e,0
9e3a2bb26,0
e7f26dd2a,0
1fa3bf58b,0
f4e86e265,0
aa57b9a86,0
b59d4aa34,0
a30579c92,0
c32912689,0
6783f6ecc,0
2edf001e3,0
e60fbf718,0
2835360ee,0
75868fcba,0
a6cbf7d3d,0
8308fc816,0
88e23d011,0
102d0ddd1,0
3ca4a01c2,0
f415a6480,0
50fe82e65,0
b88067ffb,0
20f7c55ea,0
7ea94297b,0
fa2e47881,0
660e270c0,0
32e7dc847,0
c3fb5f2d2,0
9f80c2dac,0
e27a4e01d,0
498c95749,0
a260e503d,0
f008a0b98,0
ce82d53f0,0
37eec0110,0
455594de4,0
29f5aa28b,0
c05f25e39,0
386e5d4dc,0
c78ff134a,0
6fb52d68e,0
9fdd40b99,0
85ee792ee,0
37241cb2d,0
8c382e6e6,0
818e0ae98,0
ac9a46be6,0
e6d73ee5e,0
f05caca2e,0
181e0995e,0
6c4e31ff4,0
9cc67af67,0
2dffde45b,0
8aa25140f,0
876de70bb,0
638a8f3c5,0
7da33af75,0
8935bd94f,0
04978fa5c,0
745bd4228,0
e6e8038c4,0
5e2ce2508,0
298e0e899,0
f16a2621f,0
4dfd7f46f,0
3a561640c,0
00c8a5254,0
dee83f1f3,0
b4baf0258,0
05d93f20b,0
9746bbe83,0
6c8fc6e8f,0
45538ddfb,0
b62b7f5b8,0
3c313d5d8,0
31dc9cfa4,0
82bac81fa,0
87872d82e,0
dbdbf9296,0
55d408cb8,0
b4c87cc29,0
2bb647d16,0
07af2a6b8,0
e07f48907,0
f3595ef5a,0
bcb02cffb,0
c88bcb58e,0
5f5642496,0
cbf99eb85,0
59f2cd37b,0
27d302a23,0
4abb1867a,0
dc5c7abdb,0
002efc654,0
d310b3bac,0
59432e3d6,0
4330d10a7,0
96f79176d,0
0ed10bc25,0
bcab0cceb,0
9c32ab9e6,0
25c4bbdac,0
f5b7a0d19,0
36a4e40d7,0
1c035b151,0
46c0b1465,0
9de5669c6,0
988f684fa,0
d89f7c7d5,0
078a750ec,0
1f8b61164,0
171d94554,0
61f979555,0
5a98c94bf,0
17b787e5f,0
be2dce744,0
afa3a8d80,0
ffbbed680,0
9304eef29,0
08206fa96,0
c7582e4d8,0
74effbe7b,0
bb8c46789,0
4a2f6d95f,0
ffc9bd892,0
c6a1fceab,0
342d2f01d,0
113541c60,0
ca6c7d843,0
22c02dba7,0
2b22b3b27,0
e6561df79,0
279b54c9f,0
577ad435f,0
3575a4235,0
6958224ae,0
7c1bf73d7,0
1b834ceb7,0
80ed5536d,0
6d6822ce6,0
10fee68e0,0
11a612e80,0
eabd3737a,0
504f7df66,0
ead10ce0b,0
139f84262,0
2d134abae,0
9100f5667,0
7dad7a683,0
f5b8c8a12,0
79d0931f6,0
df615c4f7,0
e1c451d2d,0
5222034a7,0
2864bc6c0,0
1c84540d7,0
f1a6b293d,0
8d9e94432,0
1904c9f75,0
85f591019,0
57126a03c,0
930ae76c8,0
e9e152296,0
b65a284a9,0
a78586662,0
6d92c1ff6,0
b2a3434ab,0
a04dfb55f,0
68e1a0e38,0
963661d40,0
84800ca47,0
6a92ce29a,0
9c74f1e52,0
f14f6d7c5,0
1a84ca4a0,0
9affe6be5,0
5ef33a2b3,0
8d34aa54b,0
95bc41609,0
bfdac9cee,0
dda2a6966,0
3a2cb5be8,0
0b2c8dd70,0
4f983f3ee,0
0c14eab73,0
cea98e1ab,0
4866e1bc1,0
fb34fb816,0
2b5ba8a36,0
45062ca1c,0
ad1ebfca0,0
935418037,0
a2d642640,0
d741c420e,0
06a4ee8e3,0
b24df21ac,0
b951818f3,0
ffc5dccdd,0
909f17843,0
c25d7adf6,0
11f2df8c0,0
59895a1d4,0
d7ab1bcc0,0
4ac6d89f1,0
3ee1cbfb5,0
d46b67376,0
93aab22af,0
c719a018f,0
0a00680eb,0
40f108d98,0
a2968f580,0
65d4edfaf,0
120dde8d1,0
dabff4779,0
8bf8d30ff,0
c0da8b13d,0
2a9efd9a9,0
715dd9e7d,0
79c81203d,0
0ac008083,0
6358b3642,0
4ecd78b51,0
1bfff15ee,0
567447f98,0
7d7cbe3da,0
79c9fdc2f,0
a472c88d1,0
764069c3d,0
26f53b03b,0
ecd39ce63,0
664e5cce2,0
412234a46,0
36445ac53,0
03c9f5406,0
6d84c2251,0
d7807e681,0
696a7b860,0
25493a244,0
835179386,0
33dd4f30a,0
7f828cd9c,0
d5687495e,0
ec71be2ab,0
474329e9b,0
ef6f7b33a,0
f2efb0fc2,0
5289587e1,0
63ecee81a,0
e316eb837,0
42fd84c54,0
713cb0aeb,0
6f5bafcb3,0
217699d93,0
de91d4747,0
c544699c7,0
0eb779abf,0
fd2a64242,0
5408d4a1e,0
b9372348e,0
baa42bd48,0
03884034e,0
04075492e,0
370b4fe8d,0
c064b0720,0
e543465a1,0
c197cb6de,0
eb31928f8,0
ea1af76cf,0
5ddd23d0e,0
76b0d23ac,0
66b94599f,0
12c5cbfa0,0
de6f0b495,0
803c11392,0
4a4967dc8,0
4c72b6ba4,0
5dbe15bdf,0
d4a58059f,0
d84e20526,0
1e1525298,0
3cbf7d95d,0
6e4ec7cdd,0
ca1098b68,0
6af548152,0
ab7a555c6,0
d23cb90ae,0
858e522bb,0
3003aa486,0
5d963ac54,0
39d0430f9,0
8241db7f9,0
9b1db3b0d,0
0df15f0ee,0
d685052df,0
3f8d41923,0
536b25e82,0
72ecffbed,0
0dd314125,0
c7e320b22,0
5f5370250,0
3e303fd0a,0
195ae4d90,0
65a324579,0
579e1ce6c,0
d77a23d8e,0
1874d0bb0,0
a476cc2a2,0
edc42eeff,0
06be5a37d,0
8b7117ef9,0
45339039a,0
6f8ac5065,0
9f5592d4b,0
f38a361f4,0
9719a4bc2,0
f0666c642,0
9ca285b35,0
fb42887f0,0
6ecbc3033,0
bbae08267,0
2e14d82b1,0
573efb3a1,0
aa8372dff,0
17211245e,0
2b130c519,0
dca8e7ec8,0
75403c09e,0
f33b863bf,0
9ab8c5dac,0
811e3c3c7,0
67202d9c9,0
e9a507001,0
1526fc621,0
15c8f8935,0
57feefcf0,0
6fda412c0,0
5d44638bb,0
6905c3150,0
08e585e1a,0
779d81f66,0
ee8483771,0
ad8d6bcc5,0
25415c79d,0
a2f04c0f7,0
6e99c052c,0
9df97f35b,0
a07ede5f6,0
1832f896b,0
5c458363b,0
e94e488a9,0
0f225be32,0
7b55fa473,0
5a561603f,0
a48a11af2,0
b354aa023,0
289553119,0
3fb9d5ea7,0
f5ffd4f5d,0
ecdf91c5e,0
781a3e249,0
142cddef4,0
d49c7fc09,0
1b6a0a4f2,0
20bdaaa94,0
f7eb097e1,0
0b7b6d9c1,0
b7f06c863,0
ea09c82a3,0
48302faf9,0
f89d30151,0
a89818d0d,0
608abb3fa,0
6b7d7d742,0
6a15f54c1,0
e929b5562,0
c10a394dc,0
4804f7339,0
96696a8dc,0
0668b4926,0
1d5524b77,0
589eff838,0
12ed68235,0
ddae84735,0
29184dab8,0
b8fd6a701,0
e7d8a6baf,0
c286ae17e,0
b597dc10d,0
5c041c0e2,0
c8303617a,0
5288df192,0
03193ad4e,0
af14e93a3,0
a99c10f75,0
e8cfefaf7,0
47ed42fa4,0
af1df99b8,0
af6ce458d,0
cb93f7764,0
d41e14226,0
c60f9ef7d,0
47282892a,0
6f9378cb6,0
54393bc98,0
5495eb643,0
138228197,0
1a88c3ed0,0
c3ff4238d,0
9a63d5fb3,0
a4b2866af,0
9247d935e,0
07c7ad4a5,0
5861379a1,0
8e0cad029,0
1de9505ff,0
2c9f73d55,0
f8f0cfa62,0
11885e103,0
3c88f00b0,0
8aa79a9ae,0
623768312,0
eefa95b87,0
672870193,0
17310fd52,0
aebcd204c,0
5e994e6de,0
960824328,0
f165ea771,0
6ce0d8d70,0
ac7007d02,0
fca8b5bf3,0
5b8c45f0c,0
e022a1a0e,0
bcce083e2,0
65d41686a,0
12f1b203e,0
1a47e586c,0
2550ca216,0
464100dfc,0
2ef2f33d0,0
5fe29c2d4,0
6087ade71,0
9646d895b,0
cfd81212c,0
649899b38,0
6767354cd,0
ee5590a4d,0
0c25626fd,0
f86a032c9,0
23d8a4568,0
0119a01ca,0
b10be6346,0
f59e738de,0
3865c0878,0
5fa68411b,0
e7252c4ee,0
c7ea2f356,0
e4d8e2cad,0
8b39bdfea,0
192f5b9c8,0
e321e9619,0
41a75d283,0
44ba20fa9,0
ea330435b,0
2a4074285,0
3d9e5f868,0
cb2063971,0
6dc1c0018,0
3dd6b42ef,0
542af6f78,0
148833e93,0
e9cc586d2,0
868b30899,0
d57771a2b,0
6a5fb976d,0
ef50b03bf,0
b2985c2b7,0
d7c605337,0
2f9fbcf53,0
64f59ce65,0
bda97efe4,0
25ef813ac,0
90af27318,0
e597a9504,0
3bb0e0576,0
9ba2dfcab,0
39f7260a4,0
b0c5ce033,0
59240a190,0
3203d1fe8,0
bd348bdea,0
a3f81690b,0
d64e3a002,0
6004585d7,0
c009f5343,0
511ee73a8,0
34eb88de0,0
16431776a,0
422f0f904,0
354ad677f,0
0872f893a,0
77429ca16,0
eb43bfd87,0
074487b2c,0
e92da4568,0
1c57e4387,0
6c510886d,0
85b2d0193,0
ead6d89ed,0
721dedbc6,0
4fec3595a,0
6c0f41257,0
632c3bffd,0
fe7f27615,0
e4c8a0832,0
696b608b8,0
fcec8dd3e,0
ce7b71e62,0
3bfbf0288,0
d5c5e0420,0
a6c2d8124,0
e09e77e2e,0
1b5e097c9,0
b79af4a4a,0
0ccbcf2b0,0
141aed83f,0
dcb65c540,0
f5b4fd821,0
c6225ffe3,0
e8ab9d3bd,0
b0cbbd20c,0
6240b64c3,0
2132cc55e,0
b16a99460,0
3734b6fdb,0
e50d0a67b,0
27d8bba63,0
acc8763bc,0
1fe9b67e5,0
8b1140cab,0
9964c2520,0
e38ecd527,0
e0d18a007,0
39f01e829,0
8c841f023,0
f8b221b42,0
8e46e46ec,0
dc773ef06,0
d8c70bc6c,0
58b99e166,0
99d7419fd,0
dfdebd462,0
9dc2594e0,0
c1cf3007b,0
96ce6f4a8,0
e6d1ea8a7,0
e1c1c681b,0
c6a3436f7,0
2aa43dabd,0
6c2d4467e,0
1e39eb7fa,0
95f4e925c,0
a17b0f14f,0
b2bac2087,0
ecd1818d6,0
99cd3d74e,0
5dcdcf95f,0
983822ba0,0
095d1234c,0
86ee9f32f,0
51671053b,0
5af74be59,0
0aabc201c,0
4c31e01d0,0
1a5334fb0,0
acc8f0372,0
84c7efd3d,0
19701e571,0
17bc2100b,0
2425e8c69,0
f764e80d0,0
29da21a92,0
28d5aa3c7,0
f8efa9a08,0
835babbf8,0
b01c74871,0
2c39ce6a5,0
59ca9b763,0
fe3cdfc6e,0
bf974099a,0
5407c2562,0
6c7e68bf2,0
276022cac,0
48149dae3,0
18de9f734,0
1803142d3,0
0e2f3fcdd,0
15aa99ed3,0
9689c2ce6,0
50309182e,0
a98e7398d,0
baf77a776,0
317e30302,0
66e2210dc,0
820eb41d1,0
b5b619667,0
6200d5dee,0
cfb7c82c6,0
ebcaa9c20,0
8f2b809a0,0
2f88367be,0
1e9da6a08,0
2e6e64c39,0
367b12c4b,0
b674c8692,0
c4adfc9a5,0
16f35966b,0
c31b38a7d,0
f99cd03b2,0
fad2e38e5,0
6931cb084,0
7d736761c,0
19addac4e,0
a4e656a52,0
fc7213f19,0
736b22298,0
15cf69c03,0
fb751ef23,0
32db5a03e,0
fe90ce601,0
ddc481283,0
636417c9a,0
fe467b074,0
b27f59dba,0
a958e3b39,0
7835ec638,0
d48f61ac3,0
c7aac749d,0
055e6b68e,0
26e208a04,0
edbd2aefd,0
634990551,0
7fa306eb1,0
00e3e33ad,0
7d2eb09db,0
1bf2c57ac,0
2d7ae4a37,0
83ea43422,0
5992ab728,0
7791a7bb5,0
43fe9e1f1,0
1b5167d86,0
782200e7b,0
48e1140e5,0
f3cb7653e,0
444a8d24c,0
2b0c1563d,0
3d41cba5a,0
4e0eeab08,0
ade5e46bc,0
15a45ff6b,0
bdda2f67c,0
adb1bb404,0
ef5b7fd86,0
30148cda8,0
04109f4bb,0
bbe1feff9,0
50aad8ba1,0
23ede6767,0
c6cb5b8f0,0
df551942c,0
4967721ea,0
0162ff4ad,0
67889f775,0
455947671,0
2b5cfe4ed,0
9c4036fbe,0
f4b357be8,0
394110038,0
f2b0a2d4d,0
5c2d4351c,0
7e60bb943,0
3b15925d2,0
018fb14a0,0
80380a36a,0
760432bfc,0
c7a9d12b5,0
db06ea8e6,0
bb61d0643,0
27aa3c655,0
bbad9d7e6,0
28827dfdc,0
63215f3a2,0
996c0bb25,0
7dcbd44c9,0
250535a24,0
96707f647,0
39068e0f9,0
e21801eb0,0
aceaf9624,0
ed7641639,0
bea2534d3,0
fe0df7f68,0
ba96a9996,0
b844b6e78,0
c778ea892,0
86e923f63,0
1defc9276,0
446141be2,0
8c23d699b,0
1302c2f0f,0
9576538df,0
b05179874,0
693b37f08,0
f3f934d64,0
0f772af0e,0
31198cb23,0
3a15e2c9a,0
117433fdd,0
8f032b749,0
7f9077318,0
05ad15116,0
f106c74a1,0
5daebea1b,0
d9f9cba10,0
d5890f7ed,0
f19b41d55,0
e00789295,0
e19b3715d,0
b06caed1e,0
bc1b18dd9,0
fdbaf8057,0
41309214f,0
63a6d82cd,0
28d5ac2cd,0
299a72383,0
e98ba5408,0
61acd419c,0
2c7898e5e,0
2e03d576b,0
94a25d5df,0
9d279292a,0
190bf1da2,0
58be8697d,0
589be847f,0
be16e9744,0
7f1c432b5,0
41f16e3c4,0
7c30bce68,0
406c985ad,0
7fe030a19,0
26ac97f06,0
49b955c82,0
56968d159,0
07d1477b0,0
e873c1fbf,0
05e0673ef,0
23e429b3f,0
86b3c060a,0
1141726af,0
94ffdf699,0
06479fca1,0
5829cd149,0
a081c176e,0
69a6541ea,0
55cfab38a,0
f734c3ec0,0
95efa1725,0
5abad9f6a,0
5523bbf0e,0
ce495cd71,0
6a8816e22,0
216e877d0,0
264dc373b,0
f140354e7,0
e3e542f2e,0
6ff0e562c,0
df5c256a4,0
d10b772b0,0
61dd5b10e,0
8f8a0c255,0
918352f14,0
7c4db8441,0
821a4c853,0
6298555f4,0
be0ad7e94,0
75e6c78fd,0
23c8e93e7,0
349b02b67,0
5945e7484,0
284d4dd1f,0
6a73ddcb1,0
19653e9f4,0
e14bf9875,0
90b887774,0
4a5f31a13,0
a848b0e4d,0
0486bbdd0,0
8aa0b76a3,0
023772a40,0
f9b8b3067,0
5ac194c70,0
d85728f92,0
fcb21fe20,0
4fa94b6c0,0
5a44b1849,0
83de7a45d,0
052225ae9,0
779c9537b,0
6f151517d,0
a1940823a,0
57d3a857e,0
2ba2db973,0
0cdd2842f,0
f8de7a61d,0
7739949aa,0
93c707905,0
fafff856b,0
5511f0864,0
890ec902c,0
8a837d244,0
6722b9705,0
187b47e89,0
e68ecf907,0
db6c077d0,0
acbd61638,0
9b0b7160d,0
e1af6d264,0
b7487278a,0
44dec604b,0
72686278a,0
9f4caca0f,0
51029793e,0
0705701d9,0
9c8a01226,0
66fd6705a,0
e4a715be4,0
759a48292,0
57a0b3def,0
7c9f999a0,0
6387fd0b7,0
47ebd0e43,0
d2553fbf5,0
afe8eca60,0
8865451b9,0
31822feba,0
4beab1c3c,0
ea6d84c73,0
093f709d7,0
15dff57fc,0
a691ef2a1,0
eea8e2b57,0
e7197c3e4,0
34a2402b3,0
bb6aead09,0
8ec8828d8,0
2baa835f4,0
275ad28b9,0
2fec25579,0
ae57f8d52,0
83432904d,0
399013029,0
fd80b8c80,0
493ed84ae,0
